{"cameraMode":{"drawMode":0,"name":"Shaded","section":"Shading Mode"},"sceneLighting":true,"audioPlay":false,"sceneViewState":{"m_AlwaysRefresh":false,"showFog":true,"showSkybox":true,"showFlares":true,"showImageEffects":true,"showParticleSystems":true,"showVisualEffectGraphs":true,"m_FxEnabled":true},"in2DMode":false,"pivot":{"x":0.5501687526702881,"y":3.3121416568756105,"z":-11.947336196899414},"rotation":{"x":-0.037790581583976749,"y":-0.023384220898151399,"z":0.0008847003919072449,"w":-0.9990139603614807},"size":1.844071865081787,"orthographic":false}